area,perimeter,circularity,aspect_ratio,centroid_x,centroid_y,solidity,extent,Actual,Predicted
0.10178591651766872,0.47934842784792153,0.0998786016331088,0.0,0.21858638743455494,0.17826825127334467,0.18591231609290215,0.26373050816551835,A,A
0.1540716456894376,0.4727701367363383,0.15956517817096627,0.0,0.0,0.0882852292020373,0.7492563319212846,0.5123707336224297,M,A
1.0,1.0,0.28304740090381253,0.0,1.0,1.0,0.7256916749683864,1.0,A,M
0.34446764906010385,0.2655092296194487,0.7501539793660585,0.0,0.6832460732984292,0.5466893039049237,0.3481495817054352,0.48503380811001207,M,M
0.0,0.26388986140982074,0.15997442444055915,0.0,0.09554973821989532,0.18675721561969438,0.0,0.010347483994658901,M,A
0.13697839922054122,0.4645632389650062,0.14857707118378932,0.0,0.15445026178010468,0.3480475382003396,0.6253571644401943,0.8619052718852016,A,A
0.09028060079225009,0.6332933345402557,0.0,0.0,0.1793193717277487,0.3446519524617997,0.2755583653709315,0.370320787130729,A,A
