area,perimeter,circularity,aspect_ratio,centroid_x,centroid_y,solidity,extent,Actual,Predicted
0.2428737581899485,0.36050128247018287,0.39767008023767125,0.0,0.5968586387434555,0.3616298811544991,0.22651757562541963,0.3130483558353183,A,M
0.4549942423504064,0.49019328074735036,0.448767895256567,0.0,0.5117801047120419,0.5721561969439728,0.6128713245140607,0.8457501790514654,M,M
