area,perimeter,circularity,aspect_ratio,centroid_x,centroid_y,solidity,extent,Actual,Predicted
0.2428737581899485,0.36050128247018287,0.39767008023767125,0.0,0.5968586387434555,0.3616298811544991,0.22651757562541963,0.3130483558353183,A,A
0.13697839922054122,0.4645632389650062,0.14857707118378932,0.0,0.15445026178010468,0.3480475382003396,0.6253571644401943,0.8619052718852016,A,A
0.4549942423504064,0.49019328074735036,0.448767895256567,0.0,0.5117801047120419,0.5721561969439728,0.6128713245140607,0.8457501790514654,M,M
0.2346884114783604,0.20661502350934102,0.7086211179875627,0.0,0.3992146596858638,0.4991511035653651,0.40889332715547777,0.4906457161874016,M,M
